field_domain,field_bl,field_domainpop,field_abirth,field_aentries,field_dmoz,field_statuscom,field_statusnet,field_statusorg,field_statustld_registered,field_related_cnobi,field_price,field_endtime
puntomx.es,1.1 K,123,2012,308,-,registered,available,available,4,12,850 USD,8h 23m
SydneyBuses.info,9.9 K,574,2002,565,Yes,registered,registered,available,3,6,870 USD,4d 8h 23m
Menu.es,8,2,2008,60,-,registered,registered,registered,368,34.7 K,455 USD,8h 23m
AuroraDefi.club,78,0,2022,4,-,registered,registered,registered,11,9,180 USD,3d 8h 23m
alex-soze.nl,38,2,2021,7,-,available,available,available,0,0,152 USD,8h 23m
HotelGoYadeAlicante.es,137,14,2008,172,-,registered,available,available,2,2,111 USD,1d 8h 23m
Among-Us.io,3.0 K,150,2020,47,-,registered,registered,registered,45,48,369 USD,2d 8h 23m
Pep.es,0,0,2007,40,-,registered,registered,registered,253,0,49 USD,5d 8h 23m
Tapas.co,0,0,2014,11,-,registered,registered,registered,124,3.5 K,223 USD,6d 8h 23m
urgencias.es,0,0,-,0,-,registered,registered,registered,18,320,44 USD,1d 8h 23m
KinoHold.club,260,23,2019,35,-,registered,available,available,2,4,16 USD,1d 8h 23m
ClinicAdEntalTrigeMino.es,72,4,2013,70,-,registered,available,available,2,2,39 USD,1d 8h 23m
WowHead.es,39,0,2008,122,-,registered,registered,registered,31,32,34 USD,4d 8h 23m
samsters.club,455,0,2020,17,-,registered,available,available,2,2,16 USD,7d 8h 23m
vsetv.org,1.6 K,4,2009,241,-,registered,registered,registered,15,11,19 USD,1d 8h 23m
DeePika.pw,455,5,2018,11,-,registered,registered,registered,34,404,17 USD,3d 8h 23m
BuildingEquality.us,900,55,2003,134,-,registered,available,registered,4,9,24 USD,3d 8h 23m
fuckpix.club,24.3 K,23,2017,44,-,registered,available,available,2,7,11 USD,3d 8h 23m
SassyLips.us,2.9 K,9,2017,48,-,registered,registered,available,3,16,29 USD,3d 8h 23m
StreamLive.live,0,0,2018,10,-,registered,registered,registered,77,418,37 USD,5d 8h 23m
KentArchaeology.ac,786,82,2003,199,Yes,registered,available,registered,5,4,190 USD,9d 8h 23m
gbtfcorporation.it,40,1,2021,3,-,registered,registered,available,3,0,20 USD,8h 23m
ebicycles.es,15,6,2013,58,-,registered,registered,registered,30,602,34 USD,8h 23m
ItsOk.club,8,0,-,0,-,registered,registered,registered,88,875,11 USD,8h 23m
Mushroom-Spores.net,312,135,2004,46,-,registered,registered,registered,4,7,19 USD,8h 23m
mergueze.info,58,3,2017,45,-,available,available,available,1,2,57 USD,1d 8h 23m
esperienzandroid.it,7,0,2020,20,-,available,available,available,1,0,20 USD,1d 8h 23m
UniVersoPellet.it,32,0,2021,2,-,available,available,available,1,0,20 USD,1d 8h 23m
BikeVinyls.es,0,0,2021,2,-,available,available,available,1,0,29 USD,2d 8h 23m
aau.es,1,1,2009,36,-,registered,registered,registered,112,0,29 USD,2d 8h 23m
afondarescultura.es,23.0 K,3,2021,12,-,available,available,available,1,0,29 USD,3d 8h 23m
kellari.us,2.4 K,27,2006,237,-,registered,registered,registered,14,80,24 USD,3d 8h 23m
Office-Setup-Help.us,1.9 K,94,2017,93,-,registered,available,available,2,2,24 USD,3d 8h 23m
CybersecurityLaw.us,754,20,2011,67,-,registered,registered,registered,22,62,24 USD,3d 8h 23m
sapientica.it,0,0,2021,12,-,registered,available,available,2,2,20 USD,3d 8h 23m
pecado.es,0,0,2008,22,-,registered,registered,registered,29,286,34 USD,3d 8h 23m
ahousedecoration.us,4.6 K,0,2018,8,-,registered,available,available,2,2,24 USD,3d 8h 23m
VideoNews.us,11.0 K,91,2013,45,-,registered,registered,registered,63,274,50 USD,3d 8h 23m
ic9bo.it,82,11,2012,67,Yes,available,available,available,2,0,20 USD,3d 8h 23m
is-delicio.us,5.8 K,6,2010,52,-,available,available,available,1,0,24 USD,3d 8h 23m
ConCessIonaRiauToUsAte.it,24,0,2012,96,-,available,available,available,0,0,20 USD,4d 8h 23m
ruvape.club,17,1,2016,75,-,registered,available,available,3,10,11 USD,4d 8h 23m
Motor.life,0,0,2018,2,-,registered,registered,registered,340,69.2 K,42 USD,4d 8h 23m
Task.bz,0,0,2013,13,-,registered,registered,registered,326,18.0 K,18 USD,4d 8h 23m
drakorstation.pro,99,0,2021,6,-,registered,registered,registered,10,6,39 USD,4d 8h 23m
FilmTogo.net,377,29,2007,265,-,registered,registered,available,3,4,14 USD,4d 8h 23m
hae24.ch,0,0,-,0,-,registered,available,available,3,3,10 USD,4d 8h 23m
f1ticketbox.nl,3,0,-,0,-,available,available,available,0,0,7 USD,6d 8h 23m
2kapper.nl,16,5,2021,7,-,available,available,available,0,0,7 USD,6d 8h 23m
TheCinema.es,99,21,2014,30,-,registered,registered,registered,34,431,29 USD,6d 8h 23m
gtloli.club,0,0,2021,2,-,registered,registered,available,13,4,11 USD,6d 8h 23m
arbeitsmedizin.info,0,0,2013,13,-,registered,registered,registered,45,146,57 USD,7d 8h 23m
saviyo.nl,2,0,-,0,-,registered,registered,available,4,9,7 USD,7d 8h 23m
in4s.me,130,0,2010,27,-,registered,registered,available,12,89,60 USD,7d 8h 23m
araa.me,62.7 K,0,2017,9,-,registered,registered,registered,65,1.7 K,60 USD,7d 8h 23m
colposcopiaitaliana.it,74,499,2001,134,-,registered,available,available,2,2,20 USD,7d 8h 23m
wanhao3dprinter.it,27,3,2018,17,-,registered,available,available,9,4,20 USD,8d 8h 23m
ipcuk.events,498,50,2014,81,-,registered,registered,registered,5,9,43 USD,8d 8h 23m
smartmnews.pro,109,2,2021,7,-,available,available,available,1,0,39 USD,8d 8h 23m
Onetime.club,15,1,2015,23,-,registered,registered,available,113,1.2 K,33 USD,9d 8h 23m
giannivillaortodonzia.it,5,0,2013,18,-,available,available,available,1,0,20 USD,9d 8h 23m
LeverageShop.it,0,0,2021,6,-,registered,available,available,2,6,20 USD,9d 8h 23m
augustoscocchera.it,343,7,2014,65,-,available,available,available,0,0,20 USD,9d 8h 23m
afenko.nl,0,0,2021,2,-,registered,registered,available,3,5,7 USD,9d 8h 23m
hetmeubelmagazijn.nl,1,1,2019,9,-,available,available,available,1,0,7 USD,9d 8h 23m
SayItWithCake.org,1.5 K,43,2013,144,-,registered,registered,registered,8,8,14 USD,9d 8h 23m
Wild.run,1,0,2018,3,-,registered,registered,registered,359,121.9 K,28 USD,8h 23m
xbe.es,70,13,2000,281,Yes,registered,registered,registered,46,0,29 USD,8h 23m
plantasnaturales.es,0,0,2013,6,-,registered,available,available,3,6,29 USD,1d 8h 23m
va-de-retro.es,108,8,2009,141,-,registered,available,available,2,2,29 USD,1d 8h 23m
Win.blue,0,0,-,0,-,registered,registered,registered,414,0,39 USD,2d 8h 23m
ToDoCine.cl,69,9,2001,138,-,registered,registered,available,9,11,14 USD,3d 8h 23m
Nod.us,5,0,2013,12,-,registered,registered,registered,163,0,24 USD,3d 8h 23m
Condo.es,0,0,2014,15,-,registered,registered,registered,235,38.6 K,29 USD,5d 8h 23m
butonmagz.id,47,15,2018,84,-,available,available,available,1,0,29 USD,5d 8h 23m
Ortho-Type.it,124,17,2004,123,-,available,available,available,0,0,20 USD,6d 8h 23m
PaymentServices.co,0,0,2013,10,-,registered,registered,registered,32,662,49 USD,6d 8h 23m
pcofertas.cl,763,233,2001,324,-,registered,registered,available,6,4,14 USD,6d 8h 23m
empregovaga.online,54,17,2019,165,-,registered,available,available,2,3,27 USD,6d 8h 23m
PokerGenie.co,0,0,2013,8,-,registered,available,available,7,5,49 USD,6d 8h 23m
GrapHiClassic.es,168,12,2013,81,-,registered,available,available,2,2,29 USD,6d 8h 23m
Trading.bz,0,0,2021,2,-,registered,registered,registered,362,109.0 K,18 USD,6d 8h 23m
MinEros.cl,0,0,2002,25,-,registered,registered,registered,35,200,14 USD,7d 8h 23m
EditorialTeleVisa.com.co,27,5,2008,46,-,registered,registered,registered,7,9,10 USD,7d 8h 23m
NorthAmerican.co,0,0,2013,14,-,registered,registered,registered,35,3.8 K,49 USD,7d 8h 23m
Game.com.co,0,0,2015,6,-,registered,registered,registered,526,223.6 K,10 USD,7d 8h 23m
bg-ua.org,1.8 K,16,2009,152,-,registered,available,registered,3,6,14 USD,8d 8h 23m
MarcoPolo.es,0,1,2002,48,-,registered,registered,registered,193,1.3 K,29 USD,8d 8h 23m
urlag.mn,248.8 K,256,2007,856,-,registered,available,available,2,59,47 USD,8d 8h 23m
Adult.ventures,0,0,2018,4,-,registered,registered,registered,265,28.0 K,71 USD,9d 8h 23m
kreditordnung.info,176,4,2020,11,-,available,available,available,1,2,52 USD,9d 8h 23m
esoe-werkplekleren.nl,1,0,2017,22,-,available,available,available,1,0,7 USD,9d 8h 23m
todoclasificados.cl,43,1,2016,40,-,registered,available,available,5,3,14 USD,9d 8h 23m
Elevate.capital,0,0,2018,2,-,registered,registered,registered,395,24.2 K,71 USD,8h 23m
ust.xyz,0,0,2021,1,-,registered,registered,registered,218,0,10 USD,8h 23m
idealista.xyz,0,0,2018,2,-,registered,registered,registered,328,127,0 USD,8h 23m
Health.cheap,0,0,2018,4,-,registered,registered,registered,536,417.1 K,0 USD,8h 23m
trivandrum.directory,18,0,2017,32,-,registered,registered,registered,17,362,0 USD,8h 23m
ihg.xyz,0,0,2021,1,-,registered,registered,registered,166,0,0 USD,8h 23m
Amoral.space,0,0,2021,1,-,registered,registered,registered,25,354,0 USD,8h 23m
